<application>
  <component name="ProjectManager">
    <defaultProject>
      <component name="accountSettings">
        <option name="activeProfile" value="profile:default" />
        <option name="activeRegion" value="eu-west-2" />
        <option name="recentlyUsedProfiles">
          <list>
            <option value="profile:default" />
          </list>
        </option>
        <option name="recentlyUsedRegions">
          <list>
            <option value="eu-west-2" />
          </list>
        </option>
      </component>
    </defaultProject>
  </component>
</application>