<application>
  <component name="RInterpreterSettings">
    <option name="interpreters">
      <list>
        <RSerializableInterpreter>
          <option name="name" value="Suggested" />
          <option name="path" value="/usr/bin/R" />
          <option name="timestamp" value="1635764406000" />
          <option name="version" value="4.1.2" />
        </RSerializableInterpreter>
        <RSerializableInterpreter>
          <option name="name" value="data-science" />
          <option name="path" value="$USER_HOME$/anaconda3/envs/data-science/bin/R" />
          <option name="timestamp" value="1594236395124" />
          <option name="version" value="3.6.3" />
        </RSerializableInterpreter>
      </list>
    </option>
  </component>
</application>